{"402nm": 745.0616540288952, "blue": 364.977621199041, "time": 1541706400.728611, "Clock": 262.95579053148543, "Green": 282.36519844062286, "GreenX2": 564.7303889404653, "Ti:Sa": -3.0}