{"add_points_flag": 0, "scan_folder_data": {"other_params": "pumping=0 B=0.5 a=-18 dB fc=427.2271 clock=pi P=1080 l=815.94074", "current_type": "CL", "all_types": ["CL", "FB", "T", "LT"], "day_folder": "D:/!Data/2017_09_27", "current_meas_number": 79, "name": "79 CL pumping=0 B=0.5 a=-18 dB fc=427.2271 clock=pi P=1080 l=815.94074 "}, "notes": "0 1 2 3 4 5 6 7 8 100 300 500 700 900 1200 1500 1800 2100 50 100 300 500 700 900 50 100 300 500 700 900 50 300 700 1100 1500 1900 2300 2700 3000 0.1 0.125 0.15 0.175 0.2 0.225 0.25 0.275 0.3 0.325 0.35 0.375 0.4 0.45 0.5 -0.5 -0.475 -0.45 -0.425 -0.4 -0.375 -0.35 -0.325 -0.3 -0.275 -0.25 -0.225 -0.2 -0.175 -0.15 -0.125 -0.1 -0.075 -0.05 -0.025 0 0.025 0.05 0.075 0.1 0.125 0.15 0.175 0.2 0.225 0.25 0.275 0.3 0 1 2 3 4 5 6 7 8\n-1 -0.9 -0.8 -0.7 -0.6 -0.5 -0.4 -0.3 -0.2 -0.1 0 0.1 0.2 0.3 0.4 0.5 0.6 0.7 0.8 0.9 1\n-0.03 -0.025 -0.02 -0.015 -0.01 -0.005 0 0.005 0.01 0.015 0.02 0.025 0.03\n-0.06 -0.055 -0.05 -0.045 -0.04 -0.035 -0.03 -0.025 -0.02 -0.015 -0.01 -0.005 0 0.005 0.01 0.015 0.02 0.025 0.03 0.035 0.04 0.045 0.05 0.055 0.06", "number_of_shots": 7, "scan_params": [{"current_value": 100.0, "nesting": 0, "param_list": [100.0, 110.0, 120.0, 130.0], "current_index": 0, "length": 4, "name": ["DDS", "5", "freq2"], "is_active": 0, "short_name": "t"}, {"current_value": 0.0, "nesting": 0, "param_list": [0.0, 0.05, 0.1, 0.15, 0.2, 0.4, 0.8, 1.0, 1.5, 2.0], "current_index": 0, "length": 10, "name": ["Pulses", "Pumping", "group", "length"], "is_active": 0, "short_name": "l"}, {"current_value": -0.002, "nesting": 0, "param_list": [-0.002, -0.0015, -0.001, -0.0009, -0.0008, -0.0007, -0.0006, -0.0005, -0.0004, -0.0003, -0.0002, -0.0001, 0.0, 0.0001, 0.0002, 0.0003, 0.0004, 0.0005, 0.0006, 0.0007, 0.0008, 0.0009, 0.001, 0.0015, 0.002], "current_index": 0, "length": 25, "name": ["ClockGenerator", "freq_offset"], "is_active": 2, "short_name": "t"}, {"current_value": 6.0, "nesting": 1, "param_list": [6.0, 9.0], "current_index": 0, "length": 2, "name": ["Pulses", "2 stage cooling", "group", "delay"], "is_active": 0, "short_name": "d"}]}